title,price,rating,colors,size,gender,timestamp
T-shirt 2,1634400.0,3.9,3.0,M,Women,2026-05-11T12:40:22.610242
Hoodie 3,7950080.0,4.8,3.0,L,Unisex,2026-05-11T12:40:22.610292
Pants 4,7476960.0,3.3,3.0,XL,Men,2026-05-11T12:40:22.610336
Outerwear 5,5145440.0,3.5,3.0,XXL,Women,2026-05-11T12:40:22.610379
Jacket 6,2453920.0,3.3,3.0,S,Unisex,2026-05-11T12:40:22.610423
Crewneck 7,6892000.0,4.3,3.0,M,Men,2026-05-11T12:40:22.610468
T-shirt 8,7802560.0,3.1,3.0,L,Women,2026-05-11T12:40:22.610505
Hoodie 9,3972160.0,3.2,3.0,XL,Unisex,2026-05-11T12:40:22.610543
Pants 10,3100160.0,4.2,3.0,XXL,Men,2026-05-11T12:40:22.610582
Jacket 12,8527840.0,3.9,3.0,M,Unisex,2026-05-11T12:40:22.610658
Crewneck 13,5447200.0,3.2,3.0,L,Men,2026-05-11T12:40:22.610695
T-shirt 14,3248800.0,3.8,3.0,XL,Women,2026-05-11T12:40:22.610733
Hoodie 15,2184160.0,3.6,3.0,XXL,Unisex,2026-05-11T12:40:22.610768
Outerwear 17,841600.0,3.8,3.0,M,Women,2026-05-11T12:40:22.610842
Jacket 18,5500000.0,3.8,3.0,L,Unisex,2026-05-11T12:40:22.610882
Crewneck 19,1308960.0,3.6,3.0,XL,Men,2026-05-11T12:40:22.610919
T-shirt 20,1325600.0,3.4,3.0,XXL,Women,2026-05-11T12:40:22.610954
Pants 22,4319680.0,4.9,3.0,M,Men,2026-05-11T12:40:22.684611
Outerwear 23,4655840.0,3.7,3.0,L,Women,2026-05-11T12:40:22.684660
Jacket 24,8223520.0,3.9,3.0,XL,Unisex,2026-05-11T12:40:22.684699
Crewneck 25,8322559.999999999,3.3,3.0,XXL,Men,2026-05-11T12:40:22.684735
T-shirt 26,7292320.0,4.6,3.0,S,Women,2026-05-11T12:40:22.684770
Hoodie 27,3551840.0,4.8,3.0,M,Unisex,2026-05-11T12:40:22.684807
Pants 28,5216160.0,4.0,3.0,L,Men,2026-05-11T12:40:22.684843
Outerwear 29,861600.0,3.1,3.0,XL,Women,2026-05-11T12:40:22.684877
Jacket 30,8610240.0,3.7,3.0,XXL,Unisex,2026-05-11T12:40:22.684912
T-shirt 32,6657920.0,3.4,3.0,M,Women,2026-05-11T12:40:22.684978
Hoodie 33,7248160.0,3.5,3.0,L,Unisex,2026-05-11T12:40:22.685027
Pants 34,8362719.999999999,3.8,3.0,XL,Men,2026-05-11T12:40:22.685065
Outerwear 35,1356160.0,3.8,3.0,XXL,Women,2026-05-11T12:40:22.685102
Jacket 36,7249280.0,3.7,3.0,S,Unisex,2026-05-11T12:40:22.685137
Crewneck 37,6006080.0,4.0,3.0,M,Men,2026-05-11T12:40:22.685173
T-shirt 38,4866080.0,3.2,3.0,L,Women,2026-05-11T12:40:22.685273
Hoodie 39,6431200.0,4.6,3.0,XL,Unisex,2026-05-11T12:40:22.685335
Pants 40,5853600.0,3.1,3.0,XXL,Men,2026-05-11T12:40:22.685390
Jacket 42,6744160.0,3.7,3.0,M,Unisex,2026-05-11T12:40:22.756344
Crewneck 43,2909600.0,4.5,3.0,L,Men,2026-05-11T12:40:22.756386
T-shirt 44,3312320.0,3.0,3.0,XL,Women,2026-05-11T12:40:22.756425
Hoodie 45,8693120.0,4.5,3.0,XXL,Unisex,2026-05-11T12:40:22.756460
Outerwear 47,6364640.0,3.2,3.0,M,Women,2026-05-11T12:40:22.756534
Jacket 48,4994720.0,3.4,3.0,L,Unisex,2026-05-11T12:40:22.756570
Crewneck 49,1071200.0,4.0,3.0,XL,Men,2026-05-11T12:40:22.756610
T-shirt 50,5932960.0,3.1,3.0,XXL,Women,2026-05-11T12:40:22.756655
Pants 52,1596480.0,4.0,3.0,M,Men,2026-05-11T12:40:22.756722
Outerwear 53,4470880.0,4.3,3.0,L,Women,2026-05-11T12:40:22.756785
Jacket 54,854560.0,4.2,3.0,XL,Unisex,2026-05-11T12:40:22.756825
Crewneck 55,1793760.0,3.6,3.0,XXL,Men,2026-05-11T12:40:22.756862
T-shirt 56,4643040.0,3.8,3.0,S,Women,2026-05-11T12:40:22.756897
Hoodie 57,3155360.0,4.9,3.0,M,Unisex,2026-05-11T12:40:22.756934
Pants 58,1637760.0,4.4,3.0,L,Men,2026-05-11T12:40:22.756971
Outerwear 59,2254240.0,4.6,3.0,XL,Women,2026-05-11T12:40:22.757007
Jacket 60,3375520.0,4.2,3.0,XXL,Unisex,2026-05-11T12:40:22.757039
T-shirt 62,1376480.0,3.8,3.0,M,Women,2026-05-11T12:40:22.847432
Hoodie 63,6479200.0,3.6,3.0,L,Unisex,2026-05-11T12:40:22.847497
Pants 64,7728480.0,4.0,3.0,XL,Men,2026-05-11T12:40:22.847590
Outerwear 65,2385920.0,4.1,3.0,XXL,Women,2026-05-11T12:40:22.847696
Jacket 66,4353120.0,3.5,3.0,S,Unisex,2026-05-11T12:40:22.847781
Crewneck 67,8470720.0,3.5,3.0,M,Men,2026-05-11T12:40:22.847861
T-shirt 68,8025280.0,4.0,3.0,L,Women,2026-05-11T12:40:22.847960
Hoodie 69,1027839.9999999999,3.6,3.0,XL,Unisex,2026-05-11T12:40:22.848114
Pants 70,1171360.0,4.4,3.0,XXL,Men,2026-05-11T12:40:22.848161
Jacket 72,3776000.0,4.4,3.0,M,Unisex,2026-05-11T12:40:22.848258
Crewneck 73,2460320.0,3.0,3.0,L,Men,2026-05-11T12:40:22.848347
T-shirt 74,7704800.0,3.8,3.0,XL,Women,2026-05-11T12:40:22.848396
Hoodie 75,2101760.0,4.3,3.0,XXL,Unisex,2026-05-11T12:40:22.848445
Outerwear 77,861760.0,3.7,3.0,M,Women,2026-05-11T12:40:22.848578
Jacket 78,2716480.0,4.3,3.0,L,Unisex,2026-05-11T12:40:22.848626
Crewneck 79,3309600.0,4.6,3.0,XL,Men,2026-05-11T12:40:22.848670
T-shirt 80,4178399.9999999995,4.5,3.0,XXL,Women,2026-05-11T12:40:22.848713
Pants 82,8315520.0,4.8,3.0,M,Men,2026-05-11T12:40:22.926892
Outerwear 83,3947840.0,3.7,3.0,L,Women,2026-05-11T12:40:22.926976
Jacket 84,2826080.0,4.8,3.0,XL,Unisex,2026-05-11T12:40:22.927043
Crewneck 85,4564160.0,3.5,3.0,XXL,Men,2026-05-11T12:40:22.927104
T-shirt 86,1670880.0,3.9,3.0,S,Women,2026-05-11T12:40:22.927166
Hoodie 87,7870240.0,4.3,3.0,M,Unisex,2026-05-11T12:40:22.927222
Pants 88,7590400.0,3.1,3.0,L,Men,2026-05-11T12:40:22.927292
Outerwear 89,4856320.0,3.0,3.0,XL,Women,2026-05-11T12:40:22.927353
Jacket 90,7160000.0,4.0,3.0,XXL,Unisex,2026-05-11T12:40:22.927411
T-shirt 92,5012320.0,3.5,3.0,M,Women,2026-05-11T12:40:22.927513
Hoodie 93,1365280.0,3.6,3.0,L,Unisex,2026-05-11T12:40:22.927568
Pants 94,1074880.0,4.3,3.0,XL,Men,2026-05-11T12:40:22.927620
Outerwear 95,6062240.0,3.5,3.0,XXL,Women,2026-05-11T12:40:22.927673
Jacket 96,4598240.0,4.9,3.0,S,Unisex,2026-05-11T12:40:22.927724
Crewneck 97,6113120.0,3.9,3.0,M,Men,2026-05-11T12:40:22.927821
T-shirt 98,8596960.0,3.1,3.0,L,Women,2026-05-11T12:40:22.927889
Hoodie 99,5028000.0,3.6,3.0,XL,Unisex,2026-05-11T12:40:22.927959
Pants 100,2217280.0,4.6,3.0,XXL,Men,2026-05-11T12:40:22.928019
Jacket 102,3840640.0,3.3,3.0,M,Unisex,2026-05-11T12:40:23.000787
Crewneck 103,2331680.0,3.5,3.0,L,Men,2026-05-11T12:40:23.000828
T-shirt 104,2374400.0,3.8,3.0,XL,Women,2026-05-11T12:40:23.000868
Hoodie 105,5019840.0,4.2,3.0,XXL,Unisex,2026-05-11T12:40:23.000905
Outerwear 107,6625120.0,4.0,3.0,M,Women,2026-05-11T12:40:23.001030
Jacket 108,5551680.0,4.8,3.0,L,Unisex,2026-05-11T12:40:23.001067
Crewneck 109,5886880.0,3.3,3.0,XL,Men,2026-05-11T12:40:23.001103
T-shirt 110,7197120.0,4.6,3.0,XXL,Women,2026-05-11T12:40:23.001138
Pants 112,4261920.0,3.3,3.0,M,Men,2026-05-11T12:40:23.001221
Outerwear 113,4472000.0,3.7,3.0,L,Women,2026-05-11T12:40:23.001264
Jacket 114,5386560.0,4.9,3.0,XL,Unisex,2026-05-11T12:40:23.001301
Crewneck 115,1933280.0,4.5,3.0,XXL,Men,2026-05-11T12:40:23.001338
T-shirt 116,3474560.0,3.0,3.0,S,Women,2026-05-11T12:40:23.001373
Hoodie 117,3376320.0,5.0,3.0,M,Unisex,2026-05-11T12:40:23.001419
Pants 118,5585440.0,3.2,3.0,L,Men,2026-05-11T12:40:23.001457
Outerwear 119,3561760.0,3.4,3.0,XL,Women,2026-05-11T12:40:23.001493
Jacket 120,7480320.0,4.0,3.0,XXL,Unisex,2026-05-11T12:40:23.001527
T-shirt 122,1961920.0,3.6,3.0,M,Women,2026-05-11T12:40:23.073377
Hoodie 123,4498080.0,3.8,3.0,L,Unisex,2026-05-11T12:40:23.073417
Pants 124,7023520.0,3.2,3.0,XL,Men,2026-05-11T12:40:23.073455
Outerwear 125,6998240.0,4.2,3.0,XXL,Women,2026-05-11T12:40:23.073491
Jacket 126,4426080.0,3.9,3.0,S,Unisex,2026-05-11T12:40:23.073526
Crewneck 127,8311680.0,4.0,3.0,M,Men,2026-05-11T12:40:23.073566
T-shirt 128,4466720.0,3.8,3.0,L,Women,2026-05-11T12:40:23.073608
Hoodie 129,2532480.0,4.5,3.0,XL,Unisex,2026-05-11T12:40:23.073680
Pants 130,6603520.0,4.8,3.0,XXL,Men,2026-05-11T12:40:23.073721
Jacket 132,6474880.0,4.2,3.0,M,Unisex,2026-05-11T12:40:23.073798
Crewneck 133,2016320.0,4.7,3.0,L,Men,2026-05-11T12:40:23.073841
T-shirt 134,5937440.0,3.2,3.0,XL,Women,2026-05-11T12:40:23.073878
Hoodie 135,5141440.0,4.7,3.0,XXL,Unisex,2026-05-11T12:40:23.073912
Outerwear 137,6988320.0,4.5,3.0,M,Women,2026-05-11T12:40:23.073982
Jacket 138,4635520.0,3.4,3.0,L,Unisex,2026-05-11T12:40:23.074016
Crewneck 139,8053120.0,4.5,3.0,XL,Men,2026-05-11T12:40:23.074052
T-shirt 140,6811040.0,3.5,3.0,XXL,Women,2026-05-11T12:40:23.074088
Pants 142,2325280.0,4.9,3.0,M,Men,2026-05-11T12:40:23.145403
Outerwear 143,3346560.0,4.9,3.0,L,Women,2026-05-11T12:40:23.145444
Jacket 144,5758240.0,4.3,3.0,XL,Unisex,2026-05-11T12:40:23.145491
Crewneck 145,3472800.0,4.8,3.0,XXL,Men,2026-05-11T12:40:23.145530
T-shirt 146,7688640.0,4.3,3.0,S,Women,2026-05-11T12:40:23.145566
Hoodie 147,3052800.0,5.0,3.0,M,Unisex,2026-05-11T12:40:23.145602
Pants 148,6033440.0,4.7,3.0,L,Men,2026-05-11T12:40:23.145637
Outerwear 149,3105920.0,3.2,3.0,XL,Women,2026-05-11T12:40:23.145671
Jacket 150,1500640.0,3.6,3.0,XXL,Unisex,2026-05-11T12:40:23.145705
T-shirt 152,6288640.0,4.2,3.0,M,Women,2026-05-11T12:40:23.145774
Hoodie 153,2660640.0,4.3,3.0,L,Unisex,2026-05-11T12:40:23.145810
Pants 154,2337440.0,3.0,3.0,XL,Men,2026-05-11T12:40:23.145847
Outerwear 155,3783200.0,4.1,3.0,XXL,Women,2026-05-11T12:40:23.145884
Jacket 156,6645120.0,3.6,3.0,S,Unisex,2026-05-11T12:40:23.145931
Crewneck 157,1105760.0,4.0,3.0,M,Men,2026-05-11T12:40:23.145968
T-shirt 158,7321120.0,4.0,3.0,L,Women,2026-05-11T12:40:23.146003
Hoodie 159,2371680.0,4.9,3.0,XL,Unisex,2026-05-11T12:40:23.146038
Pants 160,2802880.0,3.4,3.0,XXL,Men,2026-05-11T12:40:23.146071
Jacket 162,1543840.0,4.5,3.0,M,Unisex,2026-05-11T12:40:23.218413
Crewneck 163,7861920.0,4.4,3.0,L,Men,2026-05-11T12:40:23.218452
T-shirt 164,3512000.0,3.9,3.0,XL,Women,2026-05-11T12:40:23.218487
Hoodie 165,6921280.0,4.9,3.0,XXL,Unisex,2026-05-11T12:40:23.218524
Outerwear 167,3273760.0,3.1,3.0,M,Women,2026-05-11T12:40:23.218593
Jacket 168,870400.0,4.4,3.0,L,Unisex,2026-05-11T12:40:23.218627
Crewneck 169,8032800.0,4.7,3.0,XL,Men,2026-05-11T12:40:23.218665
T-shirt 170,6677920.0,4.5,3.0,XXL,Women,2026-05-11T12:40:23.218711
Pants 172,1566080.0,4.9,3.0,M,Men,2026-05-11T12:40:23.218814
Outerwear 173,7034560.0,4.6,3.0,L,Women,2026-05-11T12:40:23.218867
Jacket 174,6282240.0,3.3,3.0,XL,Unisex,2026-05-11T12:40:23.218927
Crewneck 175,8125120.0,4.5,3.0,XXL,Men,2026-05-11T12:40:23.218977
T-shirt 176,6104320.0,3.6,3.0,S,Women,2026-05-11T12:40:23.219047
Hoodie 177,1890400.0,4.6,3.0,M,Unisex,2026-05-11T12:40:23.219096
Pants 178,6184160.0,3.0,3.0,L,Men,2026-05-11T12:40:23.219136
Outerwear 179,5816640.0,3.5,3.0,XL,Women,2026-05-11T12:40:23.219172
Jacket 180,5552640.0,3.9,3.0,XXL,Unisex,2026-05-11T12:40:23.219208
T-shirt 182,2334880.0,3.8,3.0,M,Women,2026-05-11T12:40:23.287099
Hoodie 183,3904640.0,3.6,3.0,L,Unisex,2026-05-11T12:40:23.287143
Pants 184,7759520.0,4.5,3.0,XL,Men,2026-05-11T12:40:23.287181
Outerwear 185,7822880.0,3.2,3.0,XXL,Women,2026-05-11T12:40:23.287218
Jacket 186,6940480.0,4.2,3.0,S,Unisex,2026-05-11T12:40:23.287267
Crewneck 187,6663520.0,3.8,3.0,M,Men,2026-05-11T12:40:23.287306
T-shirt 188,3927840.0,4.4,3.0,L,Women,2026-05-11T12:40:23.287356
Hoodie 189,1946720.0,4.0,3.0,XL,Unisex,2026-05-11T12:40:23.287414
Pants 190,2220960.0,4.5,3.0,XXL,Men,2026-05-11T12:40:23.287456
Jacket 192,5066240.0,3.8,3.0,M,Unisex,2026-05-11T12:40:23.287566
Crewneck 193,7355680.0,4.1,3.0,L,Men,2026-05-11T12:40:23.287604
T-shirt 194,2818720.0,4.9,3.0,XL,Women,2026-05-11T12:40:23.287639
Hoodie 195,7208960.0,4.9,3.0,XXL,Unisex,2026-05-11T12:40:23.287677
Outerwear 197,5681600.0,4.9,3.0,M,Women,2026-05-11T12:40:23.287795
Jacket 198,5435040.0,4.5,3.0,L,Unisex,2026-05-11T12:40:23.287851
Crewneck 199,6744320.0,3.1,3.0,XL,Men,2026-05-11T12:40:23.287901
T-shirt 200,6289920.0,3.5,3.0,XXL,Women,2026-05-11T12:40:23.287942
Pants 202,5592480.0,3.3,3.0,M,Men,2026-05-11T12:40:23.354185
Outerwear 203,2144000.0,3.4,3.0,L,Women,2026-05-11T12:40:23.354227
Jacket 204,6031040.0,3.9,3.0,XL,Unisex,2026-05-11T12:40:23.354266
Crewneck 205,6434880.0,3.2,3.0,XXL,Men,2026-05-11T12:40:23.354303
T-shirt 206,4674720.0,4.5,3.0,S,Women,2026-05-11T12:40:23.354338
Hoodie 207,6101440.0,3.5,3.0,M,Unisex,2026-05-11T12:40:23.354373
Pants 208,4637600.0,3.1,3.0,L,Men,2026-05-11T12:40:23.354409
Outerwear 209,7980640.0,4.3,3.0,XL,Women,2026-05-11T12:40:23.354445
Jacket 210,7827360.0,4.7,3.0,XXL,Unisex,2026-05-11T12:40:23.354479
T-shirt 212,8794880.0,4.7,3.0,M,Women,2026-05-11T12:40:23.354552
Hoodie 213,5748000.0,3.6,3.0,L,Unisex,2026-05-11T12:40:23.354588
Pants 214,4315680.0,4.9,3.0,XL,Men,2026-05-11T12:40:23.354623
Outerwear 215,1449600.0,3.8,3.0,XXL,Women,2026-05-11T12:40:23.354658
Jacket 216,4576480.0,4.6,3.0,S,Unisex,2026-05-11T12:40:23.354716
Crewneck 217,5772960.0,4.8,3.0,M,Men,2026-05-11T12:40:23.354771
T-shirt 218,5600320.0,3.1,3.0,L,Women,2026-05-11T12:40:23.354823
Hoodie 219,5671040.0,4.6,3.0,XL,Unisex,2026-05-11T12:40:23.354881
Pants 220,3357600.0,3.2,3.0,XXL,Men,2026-05-11T12:40:23.354925
Jacket 222,7438080.0,3.4,3.0,M,Unisex,2026-05-11T12:40:23.427441
Crewneck 223,952960.0,4.8,3.0,L,Men,2026-05-11T12:40:23.427498
T-shirt 224,3534560.0,4.5,3.0,XL,Women,2026-05-11T12:40:23.427547
Hoodie 225,5232800.0,3.5,3.0,XXL,Unisex,2026-05-11T12:40:23.427595
Outerwear 227,6742560.0,4.8,3.0,M,Women,2026-05-11T12:40:23.427669
Jacket 228,8076800.0,4.5,3.0,L,Unisex,2026-05-11T12:40:23.427705
Crewneck 229,3101920.0,4.9,3.0,XL,Men,2026-05-11T12:40:23.427742
T-shirt 230,7133280.0,4.5,3.0,XXL,Women,2026-05-11T12:40:23.427797
Pants 232,8327360.000000001,4.0,3.0,M,Men,2026-05-11T12:40:23.427888
Outerwear 233,847360.0,4.8,3.0,L,Women,2026-05-11T12:40:23.427947
Jacket 234,1159200.0,4.5,3.0,XL,Unisex,2026-05-11T12:40:23.427999
Crewneck 235,6560320.0,3.4,3.0,XXL,Men,2026-05-11T12:40:23.428037
T-shirt 236,5492320.0,3.9,3.0,S,Women,2026-05-11T12:40:23.428072
Hoodie 237,4743520.0,3.1,3.0,M,Unisex,2026-05-11T12:40:23.428120
Pants 238,8301920.0,3.8,3.0,L,Men,2026-05-11T12:40:23.428164
Outerwear 239,7934080.0,3.1,3.0,XL,Women,2026-05-11T12:40:23.428200
Jacket 240,7600000.0,3.8,3.0,XXL,Unisex,2026-05-11T12:40:23.428233
T-shirt 242,4833600.0,3.4,3.0,M,Women,2026-05-11T12:40:23.498946
Hoodie 243,3371680.0,3.1,3.0,L,Unisex,2026-05-11T12:40:23.498985
Pants 244,8116160.0,3.1,3.0,XL,Men,2026-05-11T12:40:23.499023
Outerwear 245,1451680.0,4.0,3.0,XXL,Women,2026-05-11T12:40:23.499058
Jacket 246,8735040.0,3.1,3.0,S,Unisex,2026-05-11T12:40:23.499092
Crewneck 247,8769120.0,3.0,3.0,M,Men,2026-05-11T12:40:23.499124
T-shirt 248,2280000.0,4.5,3.0,L,Women,2026-05-11T12:40:23.499160
Hoodie 249,2149440.0,4.2,3.0,XL,Unisex,2026-05-11T12:40:23.499193
Pants 250,4314240.0,3.1,3.0,XXL,Men,2026-05-11T12:40:23.499230
Jacket 252,8408480.0,3.2,3.0,M,Unisex,2026-05-11T12:40:23.499296
Crewneck 253,1854720.0,3.9,3.0,L,Men,2026-05-11T12:40:23.499339
T-shirt 254,5984160.0,3.9,3.0,XL,Women,2026-05-11T12:40:23.499388
Hoodie 255,3668000.0,4.1,3.0,XXL,Unisex,2026-05-11T12:40:23.499430
Outerwear 257,7073120.0,5.0,3.0,M,Women,2026-05-11T12:40:23.499504
Jacket 258,2080639.9999999998,4.7,3.0,L,Unisex,2026-05-11T12:40:23.499543
Crewneck 259,2275520.0,3.3,3.0,XL,Men,2026-05-11T12:40:23.499579
T-shirt 260,6271520.0,3.5,3.0,XXL,Women,2026-05-11T12:40:23.499615
Pants 262,1097760.0,3.4,3.0,M,Men,2026-05-11T12:40:23.562182
Outerwear 263,1878400.0,4.2,3.0,L,Women,2026-05-11T12:40:23.562223
Jacket 264,2063040.0,4.8,3.0,XL,Unisex,2026-05-11T12:40:23.562259
Crewneck 265,2483040.0,3.5,3.0,XXL,Men,2026-05-11T12:40:23.562295
T-shirt 266,4842080.0,4.6,3.0,S,Women,2026-05-11T12:40:23.562329
Hoodie 267,4086240.0,4.3,3.0,M,Unisex,2026-05-11T12:40:23.562363
Pants 268,5005120.0,3.6,3.0,L,Men,2026-05-11T12:40:23.562397
Outerwear 269,8073920.0,3.1,3.0,XL,Women,2026-05-11T12:40:23.562432
Jacket 270,2569120.0,4.2,3.0,XXL,Unisex,2026-05-11T12:40:23.562470
T-shirt 272,5811840.0,3.3,3.0,M,Women,2026-05-11T12:40:23.562540
Hoodie 273,5291360.0,4.9,3.0,L,Unisex,2026-05-11T12:40:23.562575
Pants 274,3669280.0,4.2,3.0,XL,Men,2026-05-11T12:40:23.562610
Outerwear 275,5575360.0,4.8,3.0,XXL,Women,2026-05-11T12:40:23.562645
Jacket 276,1013600.0,4.3,3.0,S,Unisex,2026-05-11T12:40:23.562677
Crewneck 277,2383680.0,4.7,3.0,M,Men,2026-05-11T12:40:23.562710
T-shirt 278,2087360.0000000002,3.8,3.0,L,Women,2026-05-11T12:40:23.562750
Hoodie 279,5592320.0,4.7,3.0,XL,Unisex,2026-05-11T12:40:23.562801
Pants 280,7501440.0,3.9,3.0,XXL,Men,2026-05-11T12:40:23.562839
Jacket 282,2227040.0,3.0,3.0,M,Unisex,2026-05-11T12:40:23.666478
Crewneck 283,6633120.0,3.2,3.0,L,Men,2026-05-11T12:40:23.666517
T-shirt 284,6568000.0,3.6,3.0,XL,Women,2026-05-11T12:40:23.666612
Hoodie 285,3009120.0,3.2,3.0,XXL,Unisex,2026-05-11T12:40:23.666704
Outerwear 287,5273600.0,3.7,3.0,M,Women,2026-05-11T12:40:23.666788
Jacket 288,3123040.0,4.1,3.0,L,Unisex,2026-05-11T12:40:23.666825
Crewneck 289,888000.0,4.0,3.0,XL,Men,2026-05-11T12:40:23.666889
T-shirt 290,6425120.0,4.2,3.0,XXL,Women,2026-05-11T12:40:23.666933
Pants 292,2384480.0,3.9,3.0,M,Men,2026-05-11T12:40:23.667011
Outerwear 293,1176160.0,4.5,3.0,L,Women,2026-05-11T12:40:23.667049
Jacket 294,5947200.0,3.8,3.0,XL,Unisex,2026-05-11T12:40:23.667084
Crewneck 295,7266720.0,4.9,3.0,XXL,Men,2026-05-11T12:40:23.667119
T-shirt 296,1172160.0,3.1,3.0,S,Women,2026-05-11T12:40:23.667156
Hoodie 297,7801120.0,3.6,3.0,M,Unisex,2026-05-11T12:40:23.667195
Pants 298,2426080.0,4.8,3.0,L,Men,2026-05-11T12:40:23.667244
Outerwear 299,1947840.0,4.3,3.0,XL,Women,2026-05-11T12:40:23.667281
Jacket 300,6408480.0,4.0,3.0,XXL,Unisex,2026-05-11T12:40:23.667318
T-shirt 302,5711200.0,3.2,3.0,M,Women,2026-05-11T12:40:23.738018
Hoodie 303,7974560.0,4.1,3.0,L,Unisex,2026-05-11T12:40:23.738063
Pants 304,7129760.0,3.4,3.0,XL,Men,2026-05-11T12:40:23.738109
Outerwear 305,6325440.0,4.5,3.0,XXL,Women,2026-05-11T12:40:23.738148
Jacket 306,7575040.0,4.2,3.0,S,Unisex,2026-05-11T12:40:23.738385
Crewneck 307,7735200.0,3.7,3.0,M,Men,2026-05-11T12:40:23.738433
T-shirt 308,4086080.0,4.1,3.0,L,Women,2026-05-11T12:40:23.738486
Hoodie 309,3953120.0,4.8,3.0,XL,Unisex,2026-05-11T12:40:23.738546
Pants 310,6329280.0,4.7,3.0,XXL,Men,2026-05-11T12:40:23.738608
Jacket 312,7267040.0,3.8,3.0,M,Unisex,2026-05-11T12:40:23.738781
Crewneck 313,1948320.0,3.1,3.0,L,Men,2026-05-11T12:40:23.738846
T-shirt 314,6017120.0,3.2,3.0,XL,Women,2026-05-11T12:40:23.738916
Hoodie 315,7022880.0,3.1,3.0,XXL,Unisex,2026-05-11T12:40:23.738978
Outerwear 317,5259040.0,3.3,3.0,M,Women,2026-05-11T12:40:23.739094
Jacket 318,5667200.0,3.7,3.0,L,Unisex,2026-05-11T12:40:23.739144
Crewneck 319,3085920.0,3.3,3.0,XL,Men,2026-05-11T12:40:23.739184
T-shirt 320,829440.0,3.3,3.0,XXL,Women,2026-05-11T12:40:23.739222
Pants 322,7810400.0,3.2,3.0,M,Men,2026-05-11T12:40:23.819613
Outerwear 323,8468000.0,3.1,3.0,L,Women,2026-05-11T12:40:23.819651
Jacket 324,6082720.0,3.3,3.0,XL,Unisex,2026-05-11T12:40:23.819689
Crewneck 325,3001760.0,3.4,3.0,XXL,Men,2026-05-11T12:40:23.819724
T-shirt 326,4519360.0,4.9,3.0,S,Women,2026-05-11T12:40:23.819758
Hoodie 327,6641440.0,4.4,3.0,M,Unisex,2026-05-11T12:40:23.819826
Pants 328,5732960.0,4.5,3.0,L,Men,2026-05-11T12:40:23.819865
Outerwear 329,6724160.0,4.7,3.0,XL,Women,2026-05-11T12:40:23.819899
Jacket 330,1591200.0,4.3,3.0,XXL,Unisex,2026-05-11T12:40:23.819935
T-shirt 332,2335680.0,3.4,3.0,M,Women,2026-05-11T12:40:23.820007
Hoodie 333,1746080.0,4.8,3.0,L,Unisex,2026-05-11T12:40:23.820045
Pants 334,2409440.0,3.8,3.0,XL,Men,2026-05-11T12:40:23.820080
Outerwear 335,2826720.0,3.0,3.0,XXL,Women,2026-05-11T12:40:23.820115
Jacket 336,6237760.0,5.0,3.0,S,Unisex,2026-05-11T12:40:23.820147
Crewneck 337,8608800.0,4.3,3.0,M,Men,2026-05-11T12:40:23.820180
T-shirt 338,2883360.0,3.9,3.0,L,Women,2026-05-11T12:40:23.820214
Hoodie 339,4424800.0,4.9,3.0,XL,Unisex,2026-05-11T12:40:23.820249
Pants 340,5975200.0,4.3,3.0,XXL,Men,2026-05-11T12:40:23.820283
Jacket 342,1827680.0,4.8,3.0,M,Unisex,2026-05-11T12:40:23.894652
Crewneck 343,2279040.0,4.1,3.0,L,Men,2026-05-11T12:40:23.894782
T-shirt 344,3415680.0,4.5,3.0,XL,Women,2026-05-11T12:40:23.894869
Hoodie 345,7577440.0,3.3,3.0,XXL,Unisex,2026-05-11T12:40:23.894947
Outerwear 347,6986080.0,4.7,3.0,M,Women,2026-05-11T12:40:23.895095
Jacket 348,3195040.0,4.6,3.0,L,Unisex,2026-05-11T12:40:23.895184
Crewneck 349,6085600.0,3.5,3.0,XL,Men,2026-05-11T12:40:23.895262
T-shirt 350,8047680.0,5.0,3.0,XXL,Women,2026-05-11T12:40:23.895352
Pants 352,2838880.0,4.0,3.0,M,Men,2026-05-11T12:40:23.895533
Outerwear 353,961600.0,3.6,3.0,L,Women,2026-05-11T12:40:23.895670
Jacket 354,2294720.0,3.8,3.0,XL,Unisex,2026-05-11T12:40:23.895753
Crewneck 355,4246560.0,3.2,3.0,XXL,Men,2026-05-11T12:40:23.895884
T-shirt 356,7150080.0,4.3,3.0,S,Women,2026-05-11T12:40:23.895993
Hoodie 357,3739360.0,3.6,3.0,M,Unisex,2026-05-11T12:40:23.896076
Pants 358,8479520.0,3.9,3.0,L,Men,2026-05-11T12:40:23.896157
Outerwear 359,1696480.0,4.3,3.0,XL,Women,2026-05-11T12:40:23.896319
Jacket 360,8788320.0,4.8,3.0,XXL,Unisex,2026-05-11T12:40:23.896442
T-shirt 362,4776800.0,5.0,3.0,M,Women,2026-05-11T12:40:23.969794
Hoodie 363,1171360.0,3.2,3.0,L,Unisex,2026-05-11T12:40:23.969853
Pants 364,4972800.0,4.8,3.0,XL,Men,2026-05-11T12:40:23.969909
Outerwear 365,6956480.0,4.5,3.0,XXL,Women,2026-05-11T12:40:23.969965
Jacket 366,5854880.0,4.9,3.0,S,Unisex,2026-05-11T12:40:23.970021
Crewneck 367,8359360.000000001,4.9,3.0,M,Men,2026-05-11T12:40:23.970074
T-shirt 368,965120.0,3.2,3.0,L,Women,2026-05-11T12:40:23.970126
Hoodie 369,7204960.0,4.7,3.0,XL,Unisex,2026-05-11T12:40:23.970178
Pants 370,4559680.0,3.6,3.0,XXL,Men,2026-05-11T12:40:23.970230
Jacket 372,5052960.0,3.6,3.0,M,Unisex,2026-05-11T12:40:23.970392
Crewneck 373,2231040.0,3.6,3.0,L,Men,2026-05-11T12:40:23.970451
T-shirt 374,7697120.0,3.9,3.0,XL,Women,2026-05-11T12:40:23.970507
Hoodie 375,7027520.0,3.9,3.0,XXL,Unisex,2026-05-11T12:40:23.970562
Outerwear 377,6802080.0,4.8,3.0,M,Women,2026-05-11T12:40:23.970690
Jacket 378,3402400.0,3.6,3.0,L,Unisex,2026-05-11T12:40:23.970744
Crewneck 379,3963200.0,4.4,3.0,XL,Men,2026-05-11T12:40:23.970809
T-shirt 380,2547040.0,3.8,3.0,XXL,Women,2026-05-11T12:40:23.970861
Pants 382,1356160.0,4.4,3.0,M,Men,2026-05-11T12:40:24.050471
Outerwear 383,3431040.0,3.4,3.0,L,Women,2026-05-11T12:40:24.050516
Jacket 384,1452960.0,3.3,3.0,XL,Unisex,2026-05-11T12:40:24.050557
Crewneck 385,7950720.0,4.9,3.0,XXL,Men,2026-05-11T12:40:24.050596
T-shirt 386,4793600.0,4.6,3.0,S,Women,2026-05-11T12:40:24.050635
Hoodie 387,8418080.0,4.2,3.0,M,Unisex,2026-05-11T12:40:24.050674
Pants 388,931200.0,3.1,3.0,L,Men,2026-05-11T12:40:24.050714
Outerwear 389,2883200.0,5.0,3.0,XL,Women,2026-05-11T12:40:24.050864
Jacket 390,5432960.0,3.3,3.0,XXL,Unisex,2026-05-11T12:40:24.050925
T-shirt 392,1226080.0,4.4,3.0,M,Women,2026-05-11T12:40:24.051015
Hoodie 393,4068480.0,3.2,3.0,L,Unisex,2026-05-11T12:40:24.051059
Pants 394,3540000.0,3.3,3.0,XL,Men,2026-05-11T12:40:24.051103
Outerwear 395,3098720.0,4.0,3.0,XXL,Women,2026-05-11T12:40:24.051145
Jacket 396,2505280.0,3.9,3.0,S,Unisex,2026-05-11T12:40:24.051188
Crewneck 397,855360.0,3.6,3.0,M,Men,2026-05-11T12:40:24.051246
T-shirt 398,4592800.0,4.7,3.0,L,Women,2026-05-11T12:40:24.051342
Hoodie 399,2523520.0,3.6,3.0,XL,Unisex,2026-05-11T12:40:24.051448
Pants 400,6020640.0,4.7,3.0,XXL,Men,2026-05-11T12:40:24.051579
Jacket 402,2029120.0,4.6,3.0,M,Unisex,2026-05-11T12:40:24.119346
Crewneck 403,1580320.0,4.1,3.0,L,Men,2026-05-11T12:40:24.119399
T-shirt 404,3501120.0,4.9,3.0,XL,Women,2026-05-11T12:40:24.119445
Hoodie 405,5080160.0,3.8,3.0,XXL,Unisex,2026-05-11T12:40:24.119488
Outerwear 407,2761280.0,3.7,3.0,M,Women,2026-05-11T12:40:24.119610
Jacket 408,4176000.0,4.9,3.0,L,Unisex,2026-05-11T12:40:24.119670
Crewneck 409,3221760.0,3.5,3.0,XL,Men,2026-05-11T12:40:24.119728
T-shirt 410,1586720.0,3.1,3.0,XXL,Women,2026-05-11T12:40:24.119774
Pants 412,5438240.0,4.4,3.0,M,Men,2026-05-11T12:40:24.119863
Outerwear 413,1306400.0,3.4,3.0,L,Women,2026-05-11T12:40:24.119909
Jacket 414,2234720.0,3.7,3.0,XL,Unisex,2026-05-11T12:40:24.119952
Crewneck 415,3617440.0,3.1,3.0,XXL,Men,2026-05-11T12:40:24.119987
T-shirt 416,4454080.0,3.1,3.0,S,Women,2026-05-11T12:40:24.120021
Hoodie 417,2769440.0,4.6,3.0,M,Unisex,2026-05-11T12:40:24.120055
Pants 418,6307840.0,5.0,3.0,L,Men,2026-05-11T12:40:24.120091
Outerwear 419,7004000.0,5.0,3.0,XL,Women,2026-05-11T12:40:24.120128
Jacket 420,2472640.0,3.1,3.0,XXL,Unisex,2026-05-11T12:40:24.120162
T-shirt 422,924320.0,3.9,3.0,M,Women,2026-05-11T12:40:24.195254
Hoodie 423,4601760.0,3.7,3.0,L,Unisex,2026-05-11T12:40:24.195319
Pants 424,3865760.0,4.4,3.0,XL,Men,2026-05-11T12:40:24.195376
Outerwear 425,2528480.0,4.8,3.0,XXL,Women,2026-05-11T12:40:24.195420
Jacket 426,3462400.0,3.4,3.0,S,Unisex,2026-05-11T12:40:24.195463
Crewneck 427,6375200.0,3.3,3.0,M,Men,2026-05-11T12:40:24.195516
T-shirt 428,7053120.0,4.9,3.0,L,Women,2026-05-11T12:40:24.195580
Hoodie 429,1658560.0,4.9,3.0,XL,Unisex,2026-05-11T12:40:24.195626
Pants 430,1442080.0,3.9,3.0,XXL,Men,2026-05-11T12:40:24.195669
Jacket 432,2151840.0,4.5,3.0,M,Unisex,2026-05-11T12:40:24.195772
Crewneck 433,3872480.0,4.2,3.0,L,Men,2026-05-11T12:40:24.195816
T-shirt 434,6557120.0,4.9,3.0,XL,Women,2026-05-11T12:40:24.195872
Hoodie 435,1015680.0,4.0,3.0,XXL,Unisex,2026-05-11T12:40:24.195916
Outerwear 437,1016800.0,3.9,3.0,M,Women,2026-05-11T12:40:24.196018
Jacket 438,2453120.0,4.5,3.0,L,Unisex,2026-05-11T12:40:24.196080
Crewneck 439,4005440.0,3.2,3.0,XL,Men,2026-05-11T12:40:24.196146
T-shirt 440,5326080.0,3.0,3.0,XXL,Women,2026-05-11T12:40:24.196215
Pants 442,4701600.0,4.3,3.0,M,Men,2026-05-11T12:40:24.279089
Outerwear 443,7262720.0,4.2,3.0,L,Women,2026-05-11T12:40:24.279177
Jacket 444,4016960.0,3.3,3.0,XL,Unisex,2026-05-11T12:40:24.279258
Crewneck 445,3574240.0,4.5,3.0,XXL,Men,2026-05-11T12:40:24.279335
T-shirt 446,7740160.0,3.2,3.0,S,Women,2026-05-11T12:40:24.279413
Hoodie 447,4748640.0,4.0,3.0,M,Unisex,2026-05-11T12:40:24.279490
Pants 448,820160.0,4.4,3.0,L,Men,2026-05-11T12:40:24.279569
Outerwear 449,6410080.0,4.0,3.0,XL,Women,2026-05-11T12:40:24.279644
Jacket 450,8754880.0,3.1,3.0,XXL,Unisex,2026-05-11T12:40:24.279746
T-shirt 452,6892800.0,4.4,3.0,M,Women,2026-05-11T12:40:24.279990
Hoodie 453,6576960.0,4.2,3.0,L,Unisex,2026-05-11T12:40:24.280076
Pants 454,2179520.0,5.0,3.0,XL,Men,2026-05-11T12:40:24.280155
Outerwear 455,1094080.0,4.8,3.0,XXL,Women,2026-05-11T12:40:24.280233
Jacket 456,8096000.0,4.1,3.0,S,Unisex,2026-05-11T12:40:24.280337
Crewneck 457,7342880.0,4.8,3.0,M,Men,2026-05-11T12:40:24.280446
T-shirt 458,4240000.0,4.4,3.0,L,Women,2026-05-11T12:40:24.280553
Hoodie 459,3237280.0,3.5,3.0,XL,Unisex,2026-05-11T12:40:24.280681
Pants 460,1880800.0,3.6,3.0,XXL,Men,2026-05-11T12:40:24.280796
Jacket 462,6767840.0,4.5,3.0,M,Unisex,2026-05-11T12:40:24.359324
Crewneck 463,7539520.0,4.5,3.0,L,Men,2026-05-11T12:40:24.359403
T-shirt 464,6070080.0,4.5,3.0,XL,Women,2026-05-11T12:40:24.359480
Hoodie 465,6164320.0,4.7,3.0,XXL,Unisex,2026-05-11T12:40:24.359541
Outerwear 467,1325920.0,3.5,3.0,M,Women,2026-05-11T12:40:24.359659
Jacket 468,4584960.0,3.7,3.0,L,Unisex,2026-05-11T12:40:24.359713
Crewneck 469,1738880.0,4.2,3.0,XL,Men,2026-05-11T12:40:24.359766
T-shirt 470,7738880.0,3.1,3.0,XXL,Women,2026-05-11T12:40:24.359819
Pants 472,3902080.0,3.1,3.0,M,Men,2026-05-11T12:40:24.359981
Outerwear 473,5478080.0,4.2,3.0,L,Women,2026-05-11T12:40:24.360067
Jacket 474,5864960.0,4.7,3.0,XL,Unisex,2026-05-11T12:40:24.360135
Crewneck 475,7017280.0,4.6,3.0,XXL,Men,2026-05-11T12:40:24.360193
T-shirt 476,3986240.0,4.3,3.0,S,Women,2026-05-11T12:40:24.360250
Hoodie 477,6626080.0,4.2,3.0,M,Unisex,2026-05-11T12:40:24.360305
Pants 478,4912000.0,3.8,3.0,L,Men,2026-05-11T12:40:24.360357
Outerwear 479,7302400.0,4.4,3.0,XL,Women,2026-05-11T12:40:24.360409
Jacket 480,4986240.0,4.2,3.0,XXL,Unisex,2026-05-11T12:40:24.360461
T-shirt 482,3352480.0,4.8,3.0,M,Women,2026-05-11T12:40:24.451184
Hoodie 483,4035040.0,4.2,3.0,L,Unisex,2026-05-11T12:40:24.451290
Pants 484,6428640.0,4.1,3.0,XL,Men,2026-05-11T12:40:24.451404
Outerwear 485,4044480.0,4.7,3.0,XXL,Women,2026-05-11T12:40:24.451502
Jacket 486,2573760.0,3.0,3.0,S,Unisex,2026-05-11T12:40:24.451584
Crewneck 487,6955520.0,3.7,3.0,M,Men,2026-05-11T12:40:24.451663
T-shirt 488,8789760.0,3.8,3.0,L,Women,2026-05-11T12:40:24.451759
Hoodie 489,3554560.0,5.0,3.0,XL,Unisex,2026-05-11T12:40:24.451863
Pants 490,7081600.0,3.1,3.0,XXL,Men,2026-05-11T12:40:24.452138
Jacket 492,6011840.0,3.0,3.0,M,Unisex,2026-05-11T12:40:24.452394
Crewneck 493,5071520.0,4.8,3.0,L,Men,2026-05-11T12:40:24.452469
T-shirt 494,1390080.0,3.4,3.0,XL,Women,2026-05-11T12:40:24.452557
Hoodie 495,1663200.0,4.5,3.0,XXL,Unisex,2026-05-11T12:40:24.452642
Outerwear 497,3957760.0,4.4,3.0,M,Women,2026-05-11T12:40:24.452805
Jacket 498,4412800.0,4.6,3.0,L,Unisex,2026-05-11T12:40:24.452885
Crewneck 499,7825920.0,4.1,3.0,XL,Men,2026-05-11T12:40:24.453097
T-shirt 500,8114400.0,4.2,3.0,XXL,Women,2026-05-11T12:40:24.453200
Pants 502,7132480.0,4.4,3.0,M,Men,2026-05-11T12:40:24.535540
Outerwear 503,4924480.0,4.8,3.0,L,Women,2026-05-11T12:40:24.535637
Jacket 504,8024480.0,5.0,3.0,XL,Unisex,2026-05-11T12:40:24.535787
Crewneck 505,8747680.0,4.3,3.0,XXL,Men,2026-05-11T12:40:24.535961
T-shirt 506,8572000.0,3.6,3.0,S,Women,2026-05-11T12:40:24.536054
Hoodie 507,6844000.0,4.7,3.0,M,Unisex,2026-05-11T12:40:24.536175
Pants 508,7766080.0,3.5,3.0,L,Men,2026-05-11T12:40:24.536337
Outerwear 509,7178400.0,3.1,3.0,XL,Women,2026-05-11T12:40:24.536458
Jacket 510,1562080.0,3.4,3.0,XXL,Unisex,2026-05-11T12:40:24.536543
T-shirt 512,4319680.0,3.7,3.0,M,Women,2026-05-11T12:40:24.536791
Hoodie 513,1693760.0,4.4,3.0,L,Unisex,2026-05-11T12:40:24.536898
Pants 514,6888960.0,3.9,3.0,XL,Men,2026-05-11T12:40:24.536983
Outerwear 515,7262560.0,3.1,3.0,XXL,Women,2026-05-11T12:40:24.537058
Jacket 516,7130720.0,3.4,3.0,S,Unisex,2026-05-11T12:40:24.537131
Crewneck 517,1069280.0,3.5,3.0,M,Men,2026-05-11T12:40:24.537202
T-shirt 518,2575680.0,4.1,3.0,L,Women,2026-05-11T12:40:24.537271
Hoodie 519,2236160.0,4.5,3.0,XL,Unisex,2026-05-11T12:40:24.537338
Pants 520,2308320.0,3.8,3.0,XXL,Men,2026-05-11T12:40:24.537437
Jacket 522,6292960.0,4.0,3.0,M,Unisex,2026-05-11T12:40:24.628455
Crewneck 523,3626720.0,4.6,3.0,L,Men,2026-05-11T12:40:24.628554
T-shirt 524,936000.0,3.8,3.0,XL,Women,2026-05-11T12:40:24.628643
Hoodie 525,7919040.0,3.6,3.0,XXL,Unisex,2026-05-11T12:40:24.628755
Outerwear 527,4669280.0,3.6,3.0,M,Women,2026-05-11T12:40:24.629004
Jacket 528,5595840.0,4.0,3.0,L,Unisex,2026-05-11T12:40:24.629069
Crewneck 529,1420160.0,3.2,3.0,XL,Men,2026-05-11T12:40:24.629125
T-shirt 530,6173760.0,3.3,3.0,XXL,Women,2026-05-11T12:40:24.629203
Pants 532,8391200.0,4.1,3.0,M,Men,2026-05-11T12:40:24.629330
Outerwear 533,3370240.0,4.2,3.0,L,Women,2026-05-11T12:40:24.629408
Jacket 534,3479200.0,3.7,3.0,XL,Unisex,2026-05-11T12:40:24.629472
Crewneck 535,3901280.0,3.7,3.0,XXL,Men,2026-05-11T12:40:24.629537
T-shirt 536,5092480.0,3.0,3.0,S,Women,2026-05-11T12:40:24.629596
Hoodie 537,8671840.0,3.1,3.0,M,Unisex,2026-05-11T12:40:24.629660
Pants 538,6134240.0,3.4,3.0,L,Men,2026-05-11T12:40:24.629731
Outerwear 539,4692640.0,4.7,3.0,XL,Women,2026-05-11T12:40:24.629790
Jacket 540,7051840.0,4.4,3.0,XXL,Unisex,2026-05-11T12:40:24.629850
T-shirt 542,4761440.0,3.5,3.0,M,Women,2026-05-11T12:40:24.709282
Hoodie 543,8715680.0,4.7,3.0,L,Unisex,2026-05-11T12:40:24.709327
Pants 544,5957760.0,3.1,3.0,XL,Men,2026-05-11T12:40:24.709409
Outerwear 545,3579360.0,4.0,3.0,XXL,Women,2026-05-11T12:40:24.709461
Jacket 546,6271520.0,3.3,3.0,S,Unisex,2026-05-11T12:40:24.709504
Crewneck 547,5361120.0,3.9,3.0,M,Men,2026-05-11T12:40:24.709544
T-shirt 548,2686240.0,4.6,3.0,L,Women,2026-05-11T12:40:24.709586
Hoodie 549,2687200.0,3.7,3.0,XL,Unisex,2026-05-11T12:40:24.709625
Pants 550,4450080.0,4.9,3.0,XXL,Men,2026-05-11T12:40:24.709664
Jacket 552,5380320.0,4.1,3.0,M,Unisex,2026-05-11T12:40:24.709743
Crewneck 553,7760800.0,3.8,3.0,L,Men,2026-05-11T12:40:24.709785
T-shirt 554,4001120.0,4.5,3.0,XL,Women,2026-05-11T12:40:24.709844
Hoodie 555,1809600.0,3.0,3.0,XXL,Unisex,2026-05-11T12:40:24.709916
Outerwear 557,5460480.0,3.4,3.0,M,Women,2026-05-11T12:40:24.710018
Jacket 558,5007040.0,4.0,3.0,L,Unisex,2026-05-11T12:40:24.710061
Crewneck 559,1590880.0,3.5,3.0,XL,Men,2026-05-11T12:40:24.710102
T-shirt 560,6885280.0,4.2,3.0,XXL,Women,2026-05-11T12:40:24.710142
Pants 562,3724160.0,4.5,3.0,M,Men,2026-05-11T12:40:24.786539
Outerwear 563,8197440.000000001,4.7,3.0,L,Women,2026-05-11T12:40:24.786654
Jacket 564,8319200.000000001,4.3,3.0,XL,Unisex,2026-05-11T12:40:24.786756
Crewneck 565,7635200.0,3.5,3.0,XXL,Men,2026-05-11T12:40:24.786838
T-shirt 566,2611360.0,4.6,3.0,S,Women,2026-05-11T12:40:24.786920
Hoodie 567,4576160.0,3.2,3.0,M,Unisex,2026-05-11T12:40:24.787004
Pants 568,2984160.0,3.3,3.0,L,Men,2026-05-11T12:40:24.787108
Outerwear 569,4966880.0,4.7,3.0,XL,Women,2026-05-11T12:40:24.787197
Jacket 570,4000960.0,3.9,3.0,XXL,Unisex,2026-05-11T12:40:24.787304
T-shirt 572,4756320.0,3.2,3.0,M,Women,2026-05-11T12:40:24.787475
Hoodie 573,6954080.0,4.5,3.0,L,Unisex,2026-05-11T12:40:24.787556
Pants 574,2424000.0,3.8,3.0,XL,Men,2026-05-11T12:40:24.787631
Outerwear 575,3517760.0,3.4,3.0,XXL,Women,2026-05-11T12:40:24.787708
Jacket 576,805600.0,3.5,3.0,S,Unisex,2026-05-11T12:40:24.787809
Crewneck 577,7873920.0,3.3,3.0,M,Men,2026-05-11T12:40:24.787912
T-shirt 578,7958880.0,4.1,3.0,L,Women,2026-05-11T12:40:24.787994
Hoodie 579,4428640.0,4.4,3.0,XL,Unisex,2026-05-11T12:40:24.788161
Pants 580,2625440.0,3.3,3.0,XXL,Men,2026-05-11T12:40:24.788257
Jacket 582,4112160.0,4.1,3.0,M,Unisex,2026-05-11T12:40:24.870496
Crewneck 583,5737760.0,4.5,3.0,L,Men,2026-05-11T12:40:24.870565
T-shirt 584,6964960.0,4.8,3.0,XL,Women,2026-05-11T12:40:24.870657
Hoodie 585,6186880.0,4.9,3.0,XXL,Unisex,2026-05-11T12:40:24.870730
Outerwear 587,4424960.0,4.4,3.0,M,Women,2026-05-11T12:40:24.870854
Jacket 588,4963040.0,4.7,3.0,L,Unisex,2026-05-11T12:40:24.870928
Crewneck 589,931840.0,4.7,3.0,XL,Men,2026-05-11T12:40:24.871053
T-shirt 590,6457120.0,3.9,3.0,XXL,Women,2026-05-11T12:40:24.871121
Pants 592,6805440.0,4.3,3.0,M,Men,2026-05-11T12:40:24.871236
Outerwear 593,7163840.0,3.9,3.0,L,Women,2026-05-11T12:40:24.871294
Jacket 594,8707680.0,4.2,3.0,XL,Unisex,2026-05-11T12:40:24.871354
Crewneck 595,3723840.0,3.5,3.0,XXL,Men,2026-05-11T12:40:24.871410
T-shirt 596,8290400.0,4.4,3.0,S,Women,2026-05-11T12:40:24.871464
Hoodie 597,7969440.0,3.3,3.0,M,Unisex,2026-05-11T12:40:24.871517
Pants 598,4714080.0,4.1,3.0,L,Men,2026-05-11T12:40:24.871572
Outerwear 599,1179040.0,3.3,3.0,XL,Women,2026-05-11T12:40:24.871625
Jacket 600,6414080.0,3.0,3.0,XXL,Unisex,2026-05-11T12:40:24.871679
T-shirt 602,2260960.0,4.4,3.0,M,Women,2026-05-11T12:40:24.952366
Hoodie 603,7511520.0,3.1,3.0,L,Unisex,2026-05-11T12:40:24.952477
Pants 604,7662240.0,4.3,3.0,XL,Men,2026-05-11T12:40:24.952738
Outerwear 605,1710720.0,3.7,3.0,XXL,Women,2026-05-11T12:40:24.952885
Jacket 606,5770720.0,4.6,3.0,S,Unisex,2026-05-11T12:40:24.952968
Crewneck 607,3857600.0,3.1,3.0,M,Men,2026-05-11T12:40:24.953041
T-shirt 608,7047840.0,4.6,3.0,L,Women,2026-05-11T12:40:24.953110
Hoodie 609,2956320.0,4.1,3.0,XL,Unisex,2026-05-11T12:40:24.953175
Pants 610,4515360.0,3.3,3.0,XXL,Men,2026-05-11T12:40:24.953331
Jacket 612,3202720.0,3.1,3.0,M,Unisex,2026-05-11T12:40:24.953632
Crewneck 613,1013920.0,3.6,3.0,L,Men,2026-05-11T12:40:24.953805
T-shirt 614,2428160.0,3.1,3.0,XL,Women,2026-05-11T12:40:24.953905
Hoodie 615,4798720.0,4.8,3.0,XXL,Unisex,2026-05-11T12:40:24.953993
Outerwear 617,1765920.0,4.3,3.0,M,Women,2026-05-11T12:40:24.954412
Jacket 618,6474080.0,3.3,3.0,L,Unisex,2026-05-11T12:40:24.954603
Crewneck 619,8340639.999999999,4.4,3.0,XL,Men,2026-05-11T12:40:24.954716
T-shirt 620,2270240.0,3.3,3.0,XXL,Women,2026-05-11T12:40:24.954840
Pants 622,4849600.0,3.5,3.0,M,Men,2026-05-11T12:40:25.037162
Outerwear 623,7299520.0,4.6,3.0,L,Women,2026-05-11T12:40:25.037250
Jacket 624,6943200.0,3.9,3.0,XL,Unisex,2026-05-11T12:40:25.037329
Crewneck 625,7826400.0,4.1,3.0,XXL,Men,2026-05-11T12:40:25.037400
T-shirt 626,7777440.0,4.5,3.0,S,Women,2026-05-11T12:40:25.037458
Hoodie 627,1232320.0,3.2,3.0,M,Unisex,2026-05-11T12:40:25.037513
Pants 628,8113120.0,4.3,3.0,L,Men,2026-05-11T12:40:25.037564
Outerwear 629,3997920.0,4.4,3.0,XL,Women,2026-05-11T12:40:25.037615
Jacket 630,1003680.0,3.8,3.0,XXL,Unisex,2026-05-11T12:40:25.037666
T-shirt 632,4314240.0,3.6,3.0,M,Women,2026-05-11T12:40:25.037775
Hoodie 633,3128000.0,3.1,3.0,L,Unisex,2026-05-11T12:40:25.037844
Pants 634,8535680.0,3.9,3.0,XL,Men,2026-05-11T12:40:25.037900
Outerwear 635,6897120.0,4.1,3.0,XXL,Women,2026-05-11T12:40:25.037953
Jacket 636,3476320.0,4.5,3.0,S,Unisex,2026-05-11T12:40:25.038003
Crewneck 637,6030240.0,4.0,3.0,M,Men,2026-05-11T12:40:25.038068
T-shirt 638,5220960.0,4.6,3.0,L,Women,2026-05-11T12:40:25.038139
Hoodie 639,6782720.0,4.7,3.0,XL,Unisex,2026-05-11T12:40:25.038427
Pants 640,3038560.0,3.8,3.0,XXL,Men,2026-05-11T12:40:25.038575
Jacket 642,7747360.0,4.7,3.0,M,Unisex,2026-05-11T12:40:25.114839
Crewneck 643,6116000.0,3.2,3.0,L,Men,2026-05-11T12:40:25.114882
T-shirt 644,7479360.0,4.2,3.0,XL,Women,2026-05-11T12:40:25.114954
Hoodie 645,3285440.0,3.3,3.0,XXL,Unisex,2026-05-11T12:40:25.114995
Outerwear 647,4304960.0,3.8,3.0,M,Women,2026-05-11T12:40:25.115069
Jacket 648,8699520.0,4.5,3.0,L,Unisex,2026-05-11T12:40:25.115104
Crewneck 649,8588160.0,3.2,3.0,XL,Men,2026-05-11T12:40:25.115149
T-shirt 650,8012800.0,3.4,3.0,XXL,Women,2026-05-11T12:40:25.115185
Pants 652,6084960.0,3.3,3.0,M,Men,2026-05-11T12:40:25.115254
Outerwear 653,2622080.0,4.0,3.0,L,Women,2026-05-11T12:40:25.115290
Jacket 654,4089440.0,4.7,3.0,XL,Unisex,2026-05-11T12:40:25.115324
Crewneck 655,1834240.0,4.1,3.0,XXL,Men,2026-05-11T12:40:25.115360
T-shirt 656,2538720.0,4.2,3.0,S,Women,2026-05-11T12:40:25.115394
Hoodie 657,8459040.0,4.8,3.0,M,Unisex,2026-05-11T12:40:25.115428
Pants 658,6268320.0,3.8,3.0,L,Men,2026-05-11T12:40:25.115463
Outerwear 659,1817920.0,3.3,3.0,XL,Women,2026-05-11T12:40:25.115497
Jacket 660,8715200.0,3.5,3.0,XXL,Unisex,2026-05-11T12:40:25.115532
T-shirt 662,1422720.0,4.5,3.0,M,Women,2026-05-11T12:40:25.193288
Hoodie 663,7087200.0,4.0,3.0,L,Unisex,2026-05-11T12:40:25.193350
Pants 664,8248639.999999999,3.5,3.0,XL,Men,2026-05-11T12:40:25.193409
Outerwear 665,4033600.0,3.2,3.0,XXL,Women,2026-05-11T12:40:25.193463
Jacket 666,4844000.0,3.9,3.0,S,Unisex,2026-05-11T12:40:25.193515
Crewneck 667,1756640.0,3.7,3.0,M,Men,2026-05-11T12:40:25.193568
T-shirt 668,5044640.0,3.7,3.0,L,Women,2026-05-11T12:40:25.193623
Hoodie 669,2346080.0,3.3,3.0,XL,Unisex,2026-05-11T12:40:25.193673
Pants 670,8406720.0,4.8,3.0,XXL,Men,2026-05-11T12:40:25.193727
Jacket 672,4776160.0,4.5,3.0,M,Unisex,2026-05-11T12:40:25.193835
Crewneck 673,2803360.0,4.7,3.0,L,Men,2026-05-11T12:40:25.193890
T-shirt 674,3156640.0,3.1,3.0,XL,Women,2026-05-11T12:40:25.193946
Hoodie 675,4314880.0,3.2,3.0,XXL,Unisex,2026-05-11T12:40:25.193997
Outerwear 677,4657440.0,3.3,3.0,M,Women,2026-05-11T12:40:25.194102
Jacket 678,2777120.0,4.3,3.0,L,Unisex,2026-05-11T12:40:25.194149
Crewneck 679,6373120.0,3.2,3.0,XL,Men,2026-05-11T12:40:25.194197
T-shirt 680,8164800.0,3.2,3.0,XXL,Women,2026-05-11T12:40:25.194245
Pants 682,7616480.0,3.9,3.0,M,Men,2026-05-11T12:40:25.270461
Outerwear 683,3907360.0,3.6,3.0,L,Women,2026-05-11T12:40:25.270550
Jacket 684,7102560.0,3.5,3.0,XL,Unisex,2026-05-11T12:40:25.270683
Crewneck 685,1495840.0,4.6,3.0,XXL,Men,2026-05-11T12:40:25.270753
T-shirt 686,5381760.0,3.8,3.0,S,Women,2026-05-11T12:40:25.270819
Hoodie 687,4220800.0,4.7,3.0,M,Unisex,2026-05-11T12:40:25.270884
Pants 688,1487520.0,4.4,3.0,L,Men,2026-05-11T12:40:25.270944
Outerwear 689,1939040.0,4.6,3.0,XL,Women,2026-05-11T12:40:25.271007
Jacket 690,8782560.0,4.7,3.0,XXL,Unisex,2026-05-11T12:40:25.271068
T-shirt 692,1416480.0,4.1,3.0,M,Women,2026-05-11T12:40:25.271190
Hoodie 693,3031680.0,4.1,3.0,L,Unisex,2026-05-11T12:40:25.271267
Pants 694,2466720.0,3.4,3.0,XL,Men,2026-05-11T12:40:25.271348
Outerwear 695,959360.0,3.3,3.0,XXL,Women,2026-05-11T12:40:25.271427
Jacket 696,5146240.0,4.2,3.0,S,Unisex,2026-05-11T12:40:25.271499
Crewneck 697,6545120.0,5.0,3.0,M,Men,2026-05-11T12:40:25.271554
T-shirt 698,2444960.0,4.1,3.0,L,Women,2026-05-11T12:40:25.271613
Hoodie 699,5250240.0,4.5,3.0,XL,Unisex,2026-05-11T12:40:25.271667
Pants 700,3526560.0,4.3,3.0,XXL,Men,2026-05-11T12:40:25.271725
Jacket 702,4927680.0,4.3,3.0,M,Unisex,2026-05-11T12:40:25.352399
Crewneck 703,2949120.0,4.2,3.0,L,Men,2026-05-11T12:40:25.352487
T-shirt 704,6214240.0,4.1,3.0,XL,Women,2026-05-11T12:40:25.352567
Hoodie 705,3042880.0,3.1,3.0,XXL,Unisex,2026-05-11T12:40:25.352644
Outerwear 707,7746240.0,4.4,3.0,M,Women,2026-05-11T12:40:25.352807
Jacket 708,8541280.0,4.3,3.0,L,Unisex,2026-05-11T12:40:25.352883
Crewneck 709,7022400.0,3.9,3.0,XL,Men,2026-05-11T12:40:25.352957
T-shirt 710,3751520.0,3.2,3.0,XXL,Women,2026-05-11T12:40:25.353035
Pants 712,1510400.0,4.1,3.0,M,Men,2026-05-11T12:40:25.353187
Outerwear 713,3142880.0,4.4,3.0,L,Women,2026-05-11T12:40:25.353262
Jacket 714,892320.0,3.1,3.0,XL,Unisex,2026-05-11T12:40:25.353337
Crewneck 715,7021760.0,3.9,3.0,XXL,Men,2026-05-11T12:40:25.353457
T-shirt 716,3602560.0,4.9,3.0,S,Women,2026-05-11T12:40:25.353559
Hoodie 717,1532800.0,3.6,3.0,M,Unisex,2026-05-11T12:40:25.353807
Pants 718,4057120.0,3.2,3.0,L,Men,2026-05-11T12:40:25.353924
Outerwear 719,3172960.0,4.7,3.0,XL,Women,2026-05-11T12:40:25.354013
Jacket 720,2028320.0,3.8,3.0,XXL,Unisex,2026-05-11T12:40:25.354095
T-shirt 722,8724320.0,3.2,3.0,M,Women,2026-05-11T12:40:25.431249
Hoodie 723,5664800.0,3.4,3.0,L,Unisex,2026-05-11T12:40:25.431294
Pants 724,4824800.0,4.7,3.0,XL,Men,2026-05-11T12:40:25.431333
Outerwear 725,4979200.0,3.0,3.0,XXL,Women,2026-05-11T12:40:25.431372
Jacket 726,6345920.0,3.5,3.0,S,Unisex,2026-05-11T12:40:25.431446
Crewneck 727,4024000.0,4.8,3.0,M,Men,2026-05-11T12:40:25.431489
T-shirt 728,8173440.0,3.0,3.0,L,Women,2026-05-11T12:40:25.431527
Hoodie 729,6431360.0,3.6,3.0,XL,Unisex,2026-05-11T12:40:25.431565
Pants 730,7228800.0,4.5,3.0,XXL,Men,2026-05-11T12:40:25.431604
Jacket 732,6597600.0,3.9,3.0,M,Unisex,2026-05-11T12:40:25.431679
Crewneck 733,1162880.0,4.7,3.0,L,Men,2026-05-11T12:40:25.431715
T-shirt 734,6858560.0,4.2,3.0,XL,Women,2026-05-11T12:40:25.431752
Hoodie 735,4664320.0,4.0,3.0,XXL,Unisex,2026-05-11T12:40:25.431788
Outerwear 737,1015680.0,4.7,3.0,M,Women,2026-05-11T12:40:25.431860
Jacket 738,1893920.0,3.7,3.0,L,Unisex,2026-05-11T12:40:25.431896
Crewneck 739,8072960.0,3.3,3.0,XL,Men,2026-05-11T12:40:25.431930
T-shirt 740,7016640.0,3.4,3.0,XXL,Women,2026-05-11T12:40:25.431966
Pants 742,5626080.0,3.6,3.0,M,Men,2026-05-11T12:40:25.505298
Outerwear 743,5678080.0,3.0,3.0,L,Women,2026-05-11T12:40:25.505366
Jacket 744,5175680.0,4.1,3.0,XL,Unisex,2026-05-11T12:40:25.505424
Crewneck 745,2882560.0,3.8,3.0,XXL,Men,2026-05-11T12:40:25.505541
T-shirt 746,1517440.0,5.0,3.0,S,Women,2026-05-11T12:40:25.505607
Hoodie 747,6326880.0,4.7,3.0,M,Unisex,2026-05-11T12:40:25.505665
Pants 748,3134080.0,3.7,3.0,L,Men,2026-05-11T12:40:25.505721
Outerwear 749,2627360.0,3.2,3.0,XL,Women,2026-05-11T12:40:25.505774
Jacket 750,1030400.0000000001,3.7,3.0,XXL,Unisex,2026-05-11T12:40:25.505838
T-shirt 752,7431520.0,3.8,3.0,M,Women,2026-05-11T12:40:25.505956
Hoodie 753,8137600.0,4.8,3.0,L,Unisex,2026-05-11T12:40:25.506016
Pants 754,7229760.0,3.1,3.0,XL,Men,2026-05-11T12:40:25.506073
Outerwear 755,6910400.0,4.6,3.0,XXL,Women,2026-05-11T12:40:25.506159
Jacket 756,7128000.0,3.1,3.0,S,Unisex,2026-05-11T12:40:25.506236
Crewneck 757,7582720.0,4.4,3.0,M,Men,2026-05-11T12:40:25.506311
T-shirt 758,6025920.0,3.1,3.0,L,Women,2026-05-11T12:40:25.506369
Hoodie 759,2779840.0,4.7,3.0,XL,Unisex,2026-05-11T12:40:25.506424
Pants 760,2191040.0,4.1,3.0,XXL,Men,2026-05-11T12:40:25.506478
Jacket 762,4091840.0,4.9,3.0,M,Unisex,2026-05-11T12:40:25.589648
Crewneck 763,5792640.0,3.9,3.0,L,Men,2026-05-11T12:40:25.589735
T-shirt 764,7211680.0,3.4,3.0,XL,Women,2026-05-11T12:40:25.589812
Hoodie 765,1343360.0,4.9,3.0,XXL,Unisex,2026-05-11T12:40:25.589884
Outerwear 767,4152800.0,4.5,3.0,M,Women,2026-05-11T12:40:25.590031
Jacket 768,5662080.0,4.9,3.0,L,Unisex,2026-05-11T12:40:25.590177
Crewneck 769,6294560.0,3.3,3.0,XL,Men,2026-05-11T12:40:25.590530
T-shirt 770,1655040.0,3.5,3.0,XXL,Women,2026-05-11T12:40:25.590663
Pants 772,8748160.0,3.4,3.0,M,Men,2026-05-11T12:40:25.590962
Outerwear 773,3393600.0,3.2,3.0,L,Women,2026-05-11T12:40:25.591046
Jacket 774,1485760.0,4.1,3.0,XL,Unisex,2026-05-11T12:40:25.591130
Crewneck 775,8189440.0,3.1,3.0,XXL,Men,2026-05-11T12:40:25.591211
T-shirt 776,5333120.0,3.7,3.0,S,Women,2026-05-11T12:40:25.591286
Hoodie 777,6104800.0,3.4,3.0,M,Unisex,2026-05-11T12:40:25.593473
Pants 778,6034720.0,4.2,3.0,L,Men,2026-05-11T12:40:25.593641
Outerwear 779,5816480.0,3.2,3.0,XL,Women,2026-05-11T12:40:25.593748
Jacket 780,2767520.0,3.4,3.0,XXL,Unisex,2026-05-11T12:40:25.593842
T-shirt 782,4117439.9999999995,4.5,3.0,M,Women,2026-05-11T12:40:25.683648
Hoodie 783,2510720.0,3.0,3.0,L,Unisex,2026-05-11T12:40:25.683705
Pants 784,5341280.0,3.0,3.0,XL,Men,2026-05-11T12:40:25.683757
Outerwear 785,6444480.0,4.3,3.0,XXL,Women,2026-05-11T12:40:25.683809
Jacket 786,6749280.0,5.0,3.0,S,Unisex,2026-05-11T12:40:25.683860
Crewneck 787,4593600.0,4.7,3.0,M,Men,2026-05-11T12:40:25.683912
T-shirt 788,3041120.0,4.7,3.0,L,Women,2026-05-11T12:40:25.683966
Hoodie 789,2153280.0,4.0,3.0,XL,Unisex,2026-05-11T12:40:25.684021
Pants 790,1708320.0,3.2,3.0,XXL,Men,2026-05-11T12:40:25.684151
Jacket 792,4068960.0,3.8,3.0,M,Unisex,2026-05-11T12:40:25.684291
Crewneck 793,8650080.0,4.0,3.0,L,Men,2026-05-11T12:40:25.684377
T-shirt 794,5983040.0,4.0,3.0,XL,Women,2026-05-11T12:40:25.684438
Hoodie 795,4209600.0,3.9,3.0,XXL,Unisex,2026-05-11T12:40:25.684492
Outerwear 797,2771360.0,4.9,3.0,M,Women,2026-05-11T12:40:25.684603
Jacket 798,4391040.0,3.4,3.0,L,Unisex,2026-05-11T12:40:25.684655
Crewneck 799,4048800.0,4.2,3.0,XL,Men,2026-05-11T12:40:25.684706
T-shirt 800,7433280.0,4.6,3.0,XXL,Women,2026-05-11T12:40:25.684756
Pants 802,5710240.0,4.4,3.0,M,Men,2026-05-11T12:40:25.762922
Outerwear 803,1875360.0,4.3,3.0,L,Women,2026-05-11T12:40:25.763011
Jacket 804,4459040.0,3.9,3.0,XL,Unisex,2026-05-11T12:40:25.763090
Crewneck 805,3266720.0,4.8,3.0,XXL,Men,2026-05-11T12:40:25.763167
T-shirt 806,7310560.0,3.0,3.0,S,Women,2026-05-11T12:40:25.763244
Hoodie 807,5016000.0,4.7,3.0,M,Unisex,2026-05-11T12:40:25.763318
Pants 808,8717760.0,3.2,3.0,L,Men,2026-05-11T12:40:25.763393
Outerwear 809,7162560.0,3.7,3.0,XL,Women,2026-05-11T12:40:25.763468
Jacket 810,3796640.0,4.8,3.0,XXL,Unisex,2026-05-11T12:40:25.763546
T-shirt 812,6406080.0,4.2,3.0,M,Women,2026-05-11T12:40:25.763688
Hoodie 813,4872800.0,5.0,3.0,L,Unisex,2026-05-11T12:40:25.763758
Pants 814,1110080.0,4.7,3.0,XL,Men,2026-05-11T12:40:25.763827
Outerwear 815,5985440.0,4.8,3.0,XXL,Women,2026-05-11T12:40:25.763895
Jacket 816,1649120.0,4.5,3.0,S,Unisex,2026-05-11T12:40:25.764002
Crewneck 817,8744160.0,4.4,3.0,M,Men,2026-05-11T12:40:25.764099
T-shirt 818,5160320.0,3.8,3.0,L,Women,2026-05-11T12:40:25.764175
Hoodie 819,4742400.0,4.7,3.0,XL,Unisex,2026-05-11T12:40:25.764246
Pants 820,6030720.0,3.4,3.0,XXL,Men,2026-05-11T12:40:25.764316
Jacket 822,838240.0,4.2,3.0,M,Unisex,2026-05-11T12:40:25.839840
Crewneck 823,6103520.0,4.7,3.0,L,Men,2026-05-11T12:40:25.839884
T-shirt 824,3301440.0,4.1,3.0,XL,Women,2026-05-11T12:40:25.839925
Hoodie 825,1058400.0,3.8,3.0,XXL,Unisex,2026-05-11T12:40:25.839966
Outerwear 827,7091040.0,4.8,3.0,M,Women,2026-05-11T12:40:25.840054
Jacket 828,2324000.0,4.6,3.0,L,Unisex,2026-05-11T12:40:25.840095
Crewneck 829,4630400.0,4.4,3.0,XL,Men,2026-05-11T12:40:25.840135
T-shirt 830,4496480.0,3.0,3.0,XXL,Women,2026-05-11T12:40:25.840177
Pants 832,3955360.0,4.6,3.0,M,Men,2026-05-11T12:40:25.840255
Outerwear 833,7101280.0,3.0,3.0,L,Women,2026-05-11T12:40:25.840294
Jacket 834,7223680.0,3.1,3.0,XL,Unisex,2026-05-11T12:40:25.840332
Crewneck 835,7143360.0,3.9,3.0,XXL,Men,2026-05-11T12:40:25.840370
T-shirt 836,6065440.0,4.1,3.0,S,Women,2026-05-11T12:40:25.840407
Hoodie 837,5532640.0,5.0,3.0,M,Unisex,2026-05-11T12:40:25.840442
Pants 838,2848800.0,3.1,3.0,L,Men,2026-05-11T12:40:25.840478
Outerwear 839,4208320.0,3.9,3.0,XL,Women,2026-05-11T12:40:25.840515
Jacket 840,8164640.0,3.6,3.0,XXL,Unisex,2026-05-11T12:40:25.840552
T-shirt 842,2859040.0,3.3,3.0,M,Women,2026-05-11T12:40:25.912161
Hoodie 843,2997120.0,3.6,3.0,L,Unisex,2026-05-11T12:40:25.912232
Pants 844,7422880.0,3.9,3.0,XL,Men,2026-05-11T12:40:25.912276
Outerwear 845,2023200.0,3.2,3.0,XXL,Women,2026-05-11T12:40:25.912314
Jacket 846,7480480.0,3.6,3.0,S,Unisex,2026-05-11T12:40:25.912379
Crewneck 847,4789920.0,3.7,3.0,M,Men,2026-05-11T12:40:25.912436
T-shirt 848,6134240.0,4.1,3.0,L,Women,2026-05-11T12:40:25.912487
Hoodie 849,7816160.0,3.5,3.0,XL,Unisex,2026-05-11T12:40:25.912559
Pants 850,4144160.0,4.2,3.0,XXL,Men,2026-05-11T12:40:25.912688
Jacket 852,2777280.0,4.1,3.0,M,Unisex,2026-05-11T12:40:25.912914
Crewneck 853,2643840.0,3.4,3.0,L,Men,2026-05-11T12:40:25.912998
T-shirt 854,1600000.0,4.5,3.0,XL,Women,2026-05-11T12:40:25.913079
Hoodie 855,3249760.0,5.0,3.0,XXL,Unisex,2026-05-11T12:40:25.913158
Outerwear 857,4532800.0,3.0,3.0,M,Women,2026-05-11T12:40:25.913276
Jacket 858,3748640.0,3.7,3.0,L,Unisex,2026-05-11T12:40:25.913315
Crewneck 859,6418560.0,3.0,3.0,XL,Men,2026-05-11T12:40:25.913352
T-shirt 860,2419360.0,4.7,3.0,XXL,Women,2026-05-11T12:40:25.913389
Pants 862,4131359.9999999995,3.3,3.0,M,Men,2026-05-11T12:40:25.991100
Outerwear 863,1071360.0,4.0,3.0,L,Women,2026-05-11T12:40:25.991188
Jacket 864,2168000.0,4.5,3.0,XL,Unisex,2026-05-11T12:40:25.991267
Crewneck 865,6805120.0,3.9,3.0,XXL,Men,2026-05-11T12:40:25.991342
T-shirt 866,2399040.0,3.2,3.0,S,Women,2026-05-11T12:40:25.991417
Hoodie 867,1303840.0,3.3,3.0,M,Unisex,2026-05-11T12:40:25.991488
Pants 868,7473760.0,4.6,3.0,L,Men,2026-05-11T12:40:25.991556
Outerwear 869,6040320.0,4.5,3.0,XL,Women,2026-05-11T12:40:25.991618
Jacket 870,6395040.0,3.5,3.0,XXL,Unisex,2026-05-11T12:40:25.991682
T-shirt 872,1343680.0,4.3,3.0,M,Women,2026-05-11T12:40:25.991808
Hoodie 873,8321600.0,4.8,3.0,L,Unisex,2026-05-11T12:40:25.991873
Pants 874,2755200.0,4.4,3.0,XL,Men,2026-05-11T12:40:25.991984
Outerwear 875,2506720.0,4.6,3.0,XXL,Women,2026-05-11T12:40:25.992070
Jacket 876,3225760.0,4.6,3.0,S,Unisex,2026-05-11T12:40:25.992142
Crewneck 877,4552640.0,4.6,3.0,M,Men,2026-05-11T12:40:25.992209
T-shirt 878,4809760.0,4.7,3.0,L,Women,2026-05-11T12:40:25.992273
Hoodie 879,1026880.0000000001,3.1,3.0,XL,Unisex,2026-05-11T12:40:25.992335
Pants 880,6497760.0,4.3,3.0,XXL,Men,2026-05-11T12:40:25.992405
Jacket 882,6420960.0,3.3,3.0,M,Unisex,2026-05-11T12:40:26.065501
Crewneck 883,5901120.0,3.6,3.0,L,Men,2026-05-11T12:40:26.065562
T-shirt 884,7414720.0,4.3,3.0,XL,Women,2026-05-11T12:40:26.065619
Hoodie 885,4760640.0,3.4,3.0,XXL,Unisex,2026-05-11T12:40:26.065675
Outerwear 887,7806400.0,3.8,3.0,M,Women,2026-05-11T12:40:26.065788
Jacket 888,7869280.0,4.2,3.0,L,Unisex,2026-05-11T12:40:26.065835
Crewneck 889,6333920.0,4.6,3.0,XL,Men,2026-05-11T12:40:26.065896
T-shirt 890,6439040.0,4.7,3.0,XXL,Women,2026-05-11T12:40:26.065950
Pants 892,8515360.0,4.4,3.0,M,Men,2026-05-11T12:40:26.066047
Outerwear 893,2673600.0,3.2,3.0,L,Women,2026-05-11T12:40:26.066096
Jacket 894,2946560.0,4.8,3.0,XL,Unisex,2026-05-11T12:40:26.066144
Crewneck 895,1126720.0,4.3,3.0,XXL,Men,2026-05-11T12:40:26.066193
T-shirt 896,7873760.0,4.9,3.0,S,Women,2026-05-11T12:40:26.066293
Hoodie 897,6077920.0,3.1,3.0,M,Unisex,2026-05-11T12:40:26.066391
Pants 898,8408640.0,4.1,3.0,L,Men,2026-05-11T12:40:26.066452
Outerwear 899,6192960.0,4.8,3.0,XL,Women,2026-05-11T12:40:26.066502
Jacket 900,7214240.0,3.3,3.0,XXL,Unisex,2026-05-11T12:40:26.066550
T-shirt 902,3164000.0,3.6,3.0,M,Women,2026-05-11T12:40:26.140359
Hoodie 903,2617920.0,4.1,3.0,L,Unisex,2026-05-11T12:40:26.140413
Pants 904,3356320.0,3.9,3.0,XL,Men,2026-05-11T12:40:26.140465
Outerwear 905,5027840.0,4.9,3.0,XXL,Women,2026-05-11T12:40:26.140511
Jacket 906,4301760.0,3.9,3.0,S,Unisex,2026-05-11T12:40:26.140558
Crewneck 907,8732640.0,4.9,3.0,M,Men,2026-05-11T12:40:26.140601
T-shirt 908,7954880.0,4.2,3.0,L,Women,2026-05-11T12:40:26.140645
Hoodie 909,8383840.0,3.6,3.0,XL,Unisex,2026-05-11T12:40:26.140689
Pants 910,2395200.0,4.7,3.0,XXL,Men,2026-05-11T12:40:26.140734
Jacket 912,7853280.0,4.9,3.0,M,Unisex,2026-05-11T12:40:26.140855
Crewneck 913,3222240.0,3.5,3.0,L,Men,2026-05-11T12:40:26.140916
T-shirt 914,5799200.0,4.6,3.0,XL,Women,2026-05-11T12:40:26.140962
Hoodie 915,2649120.0,4.2,3.0,XXL,Unisex,2026-05-11T12:40:26.141007
Outerwear 917,6061600.0,4.0,3.0,M,Women,2026-05-11T12:40:26.141096
Jacket 918,5380800.0,3.3,3.0,L,Unisex,2026-05-11T12:40:26.141139
Crewneck 919,8364000.0,4.7,3.0,XL,Men,2026-05-11T12:40:26.141181
T-shirt 920,3706080.0,3.2,3.0,XXL,Women,2026-05-11T12:40:26.141227
Pants 922,1210880.0,4.4,3.0,M,Men,2026-05-11T12:40:26.210004
Outerwear 923,2435840.0,3.7,3.0,L,Women,2026-05-11T12:40:26.210054
Jacket 924,3764320.0,3.8,3.0,XL,Unisex,2026-05-11T12:40:26.210102
Crewneck 925,7900800.0,4.5,3.0,XXL,Men,2026-05-11T12:40:26.210146
T-shirt 926,1911040.0,4.6,3.0,S,Women,2026-05-11T12:40:26.210190
Hoodie 927,7706400.0,3.5,3.0,M,Unisex,2026-05-11T12:40:26.210236
Pants 928,3911680.0,3.4,3.0,L,Men,2026-05-11T12:40:26.210279
Outerwear 929,1253440.0,3.3,3.0,XL,Women,2026-05-11T12:40:26.210321
Jacket 930,1741120.0,4.9,3.0,XXL,Unisex,2026-05-11T12:40:26.210364
T-shirt 932,5937600.0,4.2,3.0,M,Women,2026-05-11T12:40:26.210446
Hoodie 933,4960800.0,3.4,3.0,L,Unisex,2026-05-11T12:40:26.210486
Pants 934,2248160.0,3.6,3.0,XL,Men,2026-05-11T12:40:26.210531
Outerwear 935,6048000.0,4.1,3.0,XXL,Women,2026-05-11T12:40:26.210576
Jacket 936,6165440.0,3.1,3.0,S,Unisex,2026-05-11T12:40:26.210618
Crewneck 937,2475360.0,4.1,3.0,M,Men,2026-05-11T12:40:26.210658
T-shirt 938,4058400.0,3.6,3.0,L,Women,2026-05-11T12:40:26.210698
Hoodie 939,4466080.0,4.8,3.0,XL,Unisex,2026-05-11T12:40:26.210737
Pants 940,5776000.0,3.7,3.0,XXL,Men,2026-05-11T12:40:26.210778
Jacket 942,7972960.0,3.0,3.0,M,Unisex,2026-05-11T12:40:26.294653
Crewneck 943,4571040.0,4.4,3.0,L,Men,2026-05-11T12:40:26.294693
T-shirt 944,1578240.0,4.6,3.0,XL,Women,2026-05-11T12:40:26.294729
Hoodie 945,2107680.0,4.2,3.0,XXL,Unisex,2026-05-11T12:40:26.294763
Outerwear 947,7079680.0,4.6,3.0,M,Women,2026-05-11T12:40:26.294838
Jacket 948,4600480.0,3.9,3.0,L,Unisex,2026-05-11T12:40:26.294872
Crewneck 949,1844320.0,4.4,3.0,XL,Men,2026-05-11T12:40:26.294905
T-shirt 950,7691680.0,4.9,3.0,XXL,Women,2026-05-11T12:40:26.294939
Pants 952,7155040.0,3.7,3.0,M,Men,2026-05-11T12:40:26.295005
Outerwear 953,8423200.0,3.8,3.0,L,Women,2026-05-11T12:40:26.295038
Jacket 954,3878720.0,4.1,3.0,XL,Unisex,2026-05-11T12:40:26.295072
Crewneck 955,7006560.0,4.7,3.0,XXL,Men,2026-05-11T12:40:26.295107
T-shirt 956,4457600.0,3.1,3.0,S,Women,2026-05-11T12:40:26.295140
Hoodie 957,4024320.0,4.4,3.0,M,Unisex,2026-05-11T12:40:26.295172
Pants 958,3946240.0,4.8,3.0,L,Men,2026-05-11T12:40:26.295203
Outerwear 959,6828480.0,4.6,3.0,XL,Women,2026-05-11T12:40:26.295236
Jacket 960,5840160.0,4.5,3.0,XXL,Unisex,2026-05-11T12:40:26.295269
T-shirt 962,2887840.0,4.1,3.0,M,Women,2026-05-11T12:40:26.373347
Hoodie 963,7916160.0,4.6,3.0,L,Unisex,2026-05-11T12:40:26.373393
Pants 964,3885280.0,3.3,3.0,XL,Men,2026-05-11T12:40:26.373438
Outerwear 965,3107200.0,4.5,3.0,XXL,Women,2026-05-11T12:40:26.373483
Jacket 966,8499520.0,4.9,3.0,S,Unisex,2026-05-11T12:40:26.373522
Crewneck 967,1744000.0,3.5,3.0,M,Men,2026-05-11T12:40:26.373562
T-shirt 968,4045120.0,4.4,3.0,L,Women,2026-05-11T12:40:26.373602
Hoodie 969,4231840.0,3.8,3.0,XL,Unisex,2026-05-11T12:40:26.373643
Pants 970,952960.0,4.6,3.0,XXL,Men,2026-05-11T12:40:26.373688
Jacket 972,7272000.0,4.4,3.0,M,Unisex,2026-05-11T12:40:26.373772
Crewneck 973,7134400.0,3.9,3.0,L,Men,2026-05-11T12:40:26.373814
T-shirt 974,4769280.0,3.0,3.0,XL,Women,2026-05-11T12:40:26.373851
Hoodie 975,4816000.0,3.6,3.0,XXL,Unisex,2026-05-11T12:40:26.373891
Outerwear 977,3356000.0,3.6,3.0,M,Women,2026-05-11T12:40:26.373976
Jacket 978,3918240.0,3.6,3.0,L,Unisex,2026-05-11T12:40:26.374019
Crewneck 979,4848480.0,3.4,3.0,XL,Men,2026-05-11T12:40:26.374060
T-shirt 980,6544000.0,3.1,3.0,XXL,Women,2026-05-11T12:40:26.374139
Pants 982,7281760.0,4.9,3.0,M,Men,2026-05-11T12:40:26.451083
Outerwear 983,5762560.0,3.2,3.0,L,Women,2026-05-11T12:40:26.451152
Jacket 984,7349440.0,3.8,3.0,XL,Unisex,2026-05-11T12:40:26.451214
Crewneck 985,6236000.0,4.3,3.0,XXL,Men,2026-05-11T12:40:26.451272
T-shirt 986,6713760.0,4.5,3.0,S,Women,2026-05-11T12:40:26.451327
Hoodie 987,4008000.0,4.7,3.0,M,Unisex,2026-05-11T12:40:26.451384
Pants 988,2054239.9999999998,3.5,3.0,L,Men,2026-05-11T12:40:26.451437
Outerwear 989,6869440.0,4.2,3.0,XL,Women,2026-05-11T12:40:26.451487
Jacket 990,3327360.0,4.2,3.0,XXL,Unisex,2026-05-11T12:40:26.451534
T-shirt 992,4840480.0,4.9,3.0,M,Women,2026-05-11T12:40:26.451628
Hoodie 993,6361920.0,3.4,3.0,L,Unisex,2026-05-11T12:40:26.451678
Pants 994,1693760.0,4.4,3.0,XL,Men,2026-05-11T12:40:26.451735
Outerwear 995,8046720.0,3.2,3.0,XXL,Women,2026-05-11T12:40:26.451790
Jacket 996,6942400.0,4.3,3.0,S,Unisex,2026-05-11T12:40:26.451840
Crewneck 997,5321280.0,3.9,3.0,M,Men,2026-05-11T12:40:26.452212
T-shirt 998,908000.0,4.2,3.0,L,Women,2026-05-11T12:40:26.452349
Hoodie 999,8534240.0,4.8,3.0,XL,Unisex,2026-05-11T12:40:26.452406
Pants 1000,2938240.0,4.7,3.0,XXL,Men,2026-05-11T12:40:26.452459
